user_id,username,raw_password
83199EEEDB7088BA85AAE3F7DB9BC224,Engshosho,@R)ejQe3vDv@
EEE0674F7271A66FACABBB1EE20A164E,EmilyScotland,AF_2+xDeo)Ai
24DD21D825BF7F9BE42DC64AE973D17B,supershearer,ogt1IL@QK4fj
0C45A24B72BE00343D774AEA89BF27D5,TraveLotSF,-i=KVHuLuOm#
AC4D7A88221AAAB1B6E5028FBE2B62A5,StevenMowat,^oYf^_GhypUb
381895A44FFBBCBAB76EDB620137B5B8,lucapane79,&6SWZcT+U8jr
EDCCE4649C9C3FA97C4B70F20595EC32,c313l,5kfu*pxTAZM8
31FD3B53AA2A1B3828DDBD102F72D716,lcosette,Ss*8xXF6%SrK
A51B0D586CC6340E8791836898666AB1,jodamo,1*UKr5+VF@hc
70375C8383DF4DC0805650E075B735E8,Gramps80,lQcoC2eq+6HT
838FF8C12DC81BE19EBC7D7AB7DA7700,Brun0405,@@=5G2a-#a8u
3BFAE34A94241C5C1925225645B9F6CF,laiya,s-sAc$u&U^_K
0546C21F3F2A64B6DB9CCD9D9B48DA17,Tinsco1,0_361sTXMKxz
4CF3E62850BC1D5449EF4A6D88772EE7,Cynthia W,9El$Z^l1jj!M
59CD1A3775DF7077356F35308CA86D2B,MIGUEL T,$u6d9#1#V+mq
464E20A7F9D913272571E7F347E8E2BD,pratty56,_EunbesP&YJ)
EE0FC96DA1F441C2EC0368ED0BDBFCC4,diost,aG^s!)kwV=P(
1DB3A4C397EC4C06C0C41F1BC276B636,jeffandkaren,LQ!kNG*W*TA+
4390A56AE7C925755291890EA4B014EF,emf465,B=ZT^7oeg&I6
5279BC0433B8BC2418B6C2514BB2081D,Martmaureen,bkO7p@8XvsK+
B13BDFEC29D94906C2C3B772A97B7A33,MidtownEastTraveler,W3hYmNw8aB+D
198F2F5B066202CC3295FCC3DC6D0446,VTer676,OC8fykkQv!s3
91524F88840A9564C04144188B9D16CE,thomsnhal212,mEq9W4aCByw9
8CFA831BADDA875301CB5444E1091AD5,mrspotty,Z07z5cHdIn+!
E98DE76E817A1AD4022321F88872A74A,tkmom,8gL@1+)tRB=q
7DD6E397AE276D69B30E5BD11058DE20,Laura D,c+#snh@iyM-!
483D9593AB8AE34FD38B67CE8DF33451,SMace1433,I#BYvOL=T!hv
8CB52F29FFC8024252EF5DF51FCEECE5,xxsxxRachelxxsxx,q$doopCVxJTZ
D2A3BD6FBC8A439DCEACC40D49B37FFA,lssf,nbrZg$NM1HoV
C3478B5960A48B8F90F6DB59917DEF73,cadrifter,kt!5u*Aw&Xi2
58960D0EB10C8A419CBD9EA32DFE8813,Sophdoph86,*Ibw*3r%8Iel
17BB68D92D827060D95D6E3CA7D03D75,ncglamgirl,-wwgLqQ6L$+i
FC0FFAA16A216BB310AAD44859A8CDCB,axiques,Bv4AGdC!kL$C
289A58CF3B1AE3D029EBCCCB2B079635,MontanaRetired,P6ES2iD55r^)
77D26B3310D10F67CB77300F23191900,bicio77,a3aL(M5J3lz0
279E746206DE8DCC6850AB5F79980551,Patricia S,10fTHGjffVGR
CACF15CE547235250C5F213D8D1C7CB1,dallasdr,Pl+F#LxNOoYl
6872BFACB26E6B7AA83CB49BA305AB8E,3marmots,il1YZl-!fE=D
2FD05570C9BB2F3FF2EC2597E30D8157,MD VECIANA v,QPnj2@v^iEEm
FD32FE70A1A6A5A030D8C4DE5A2A07A7,Anthony N,X*!8@UD_Nwzm
C38351F5547F26A31DD533CF8ED7F934,sambrendan,0A4Hq4h7Wm1m
4E2F8043D88A1410BC27115B09A6FCE1,Chriis219,^_CO)f*)ulX4
23C50079DAC75B2400F88928BD6AEBFE,ChickPosseeGirl,0ZnF)ZR+*YMK
BEBCB1FC9C24E007803443A93C27BF4B,blackpointyboots,l-9KusFrN!7C
531F929C3FBCFA10769DB6ACC27883FA,mapakery--,P$ATXElJ#QsF
923EC3F28C78755020B6389CA3E18B2F,Luciana1989,vg#gT+Hd%Ou5
86ECA7B780121238F43B468D940CCF61,Simona67italia,g-l*kR-!MXf6
7BC7C140E757AA1D31E2901BD3F99769,Eric R,oQv65TQi=q-u
B0312D1DFED98D1B748C33B774C50E9D,mrosco,@GblWHWKL3I_
8536DBE8A7FA03A603E7C234B91F4548,PAMELA H,(b1IDm5TX+#S
095CDB14D9BD4B2FFA6C1ECFC6808353,dew508,Rx-M8=9x)Sv5
A1F610EC5346643FF96793C27A64AE78,Jessicahorani,IFg9HdO2Y2Bs
F2A6634C6618DDBE79FE7EECD68DFFC6,judy5088,$764Rx1vW0=n
24A2C1CB34EE81195364BDD90F11B2DD,JoeTrainer,pXnXz4byn9Ms
40BE51B59645AAEA4F1169EE3082F776,VirginiaScout,qAPlyOxHN589
443631A60F8256AA0C68AE04E175D15C,bfly1,$InrS$*pOpwp
E634FD2B199713ECBDE2BA7B75CC7B3C,JenWebb70,(B3sMj8ogYbb
06AB4423900AAE0290F0CA617A08D2ED,Maxvue,FA8cu+lni#2w
8ABD0C152CC9ADBAC32D5DA4E9B4728E,Divinci17,3$-u@_pa$Y66
708C70098A4415D80242FB1D9E0ED43E,TravelJason,vYV@k$!trH8W
4C0A63E673C1E0F104A5130D2317C2AD,JohnS2222,)A1EH&v$yy&=
50C43BB6E442CD49875DFB3F7DF3D705,RedheadTrvlr,=uOhd9eIk0#Q
D4D7BD277576D68213BA294AD27FE11F,1crazymama,p@t+dGXhn+m0
2CCE483CF4340691FD294EF4BC9FCCBB,Jackie1247,gVmW!!1RzJv8
C582285FA066363A992D6D780E5F7214,Larissa K,UMH*l!1s)qmB
C2440E1F323A4124A01ECFC54C877FB0,swdo,#g9LN&CoturK
D40AB68D3C2CBE9FA468DE74871C6740,micmolnic,m*nXSuwAll2%
29CD7A35804AF4D7B4FEB8CD21050FA8,JustErin,_oifWNUAo()z
7095C05661CED7DA6C703337F5E84C16,zabka123,H)Tdw(T_=Ho+
DD0BD87217AACF897E1998C67566A8A3,kenkennedy99,ntFZ=CmyI2!z
052AF78CB7BB332D5FBDA3EDC2BC1613,tableau,UzmEMTQkzrXv
44D6D002005FE9E15E2E2B9605B396AD,claudia451,+YJ6zM4q&Y_H
8600CDC0DA1C5D5140A725A71AFACFFC,kate08,Dto0at7%(BHH
355B25F71FAF6A6A50218BABF286F0A2,Molliesdad,z&!D(uoXd_!y
AFB8E505E9CA3DE23EEFAF7F50197E98,TAY_87,+Hiek3+viJcp
B5AC08E303550945695178518434601D,JohnH11,^@MftfidttqG
062343C660105CCB1DECA47ABEB8AEA5,Cotedetoi,SSZZlDfA+x(a
0F8A98143F91F88CF3CDDE43932D4B5A,PatrickCA15,TaIFAWzGSF=-
82311E5E701BF69EEF0A456CC07CD47F,EmilyWilson3333,aW3x54ir-4^J
C045180B4D90ABC42DC6248971EFC760,steven r,#FSAkL=aD1%j
6F21FA4E12753E13D6E06F8EF7532BFC,Nyeta,DBtciyfa!&jt
D352D4F4A6188881BD26B7C5426F23A5,jenkg999,v&mTa6p^X7gi
1474D3CFD7A896DB2C38741E87FFF63A,StrickoSpain,KiCEjnu%kW2V
8B6C14B77B5B3D90E4BA1DD8111271B5,damani34,w@8#HDdiB@=1
AE33773D27E810A4499D5C46B3402394,LegalHunt,3MeQtxs6!F4R
E2EC1978B05E1935EB8AE9692B1F3B7E,Sue&Jim,f1Y99F_Y2Jkc
442EFB4E5E87FD3C28F89853A12EF96B,Jeanneey,1ZKQc1HS6s-z
36707A9575C0E14F243F8CB013D77AE4,EveSD,F+2@!wCCm%#Q
BE5DC02D2A09D01997D40E6C855A25B1,titchy1,)G4NDF66yQB9
542F56AC7D2BB7416B505863D9A9ED52,Dspann,Y9D5EQ+LIyb5
1250160B29604A82E232D486AF5DA7FE,AtlantaReader,FUIg7O@y5+en
C7CD3E60CA7E4C8034B3771CC6D05BDA,PBRHouston,WCr1aXVYf*8h
7D23A948991566E14397A277C231E547,guybenhamou,QTouI@Vv%eM2
1EB1165A68C51566CBC838ECF264FC38,cr1wien,2^dChBs7iwP4
D648C5F4E963BAFF4698E2530EA26215,Yaralitza E,x$(Pfjs(0gn(
6CDD0739C8A67C9BFF6C546E60DBBFAC,C0vertCritic,F+G+1U80)6&U
57CFB1F5A42847948595EA7B1CF10321,LucindaLucile,TEVD+Zp+kYcx
10BAAFCB5BDEA1EB9F01498099921F51,justina1,FXY5w$_XNXt#
38455936A3882F453D5F8FB8D877A1F7,kroothoep,w*Ra*_!Q+9Yc
C414517AD6C67DEE63591F178819ABE2,Gast W,NrbmOP8RwYBD
string,string,string
string1,string1,string
string2,string,string
string5,string,string
string7,string,string
